"Construct","Indicator","Measurement","Ontology","Weighting"
"visual","x1","reflective","common factor","Mode A"
"visual","x2","reflective","common factor","Mode A"
"visual","x3","reflective","common factor","Mode A"
"textual","x4","reflective","common factor","Mode A"
"textual","x5","reflective","common factor","Mode A"
"textual","x6","reflective","common factor","Mode A"
"speed","x7","reflective","common factor","Mode A"
"speed","x8","reflective","common factor","Mode A"
"speed","x9","reflective","common factor","Mode A"
