"Component","Scope","Package","Version","License","Risk","URL","LicenseFiles","Notes"
"R runtime","R runtime","R","4.5.3","GPL-2 | GPL-3; LGPL applies to selected R libraries where stated","GPL","https://www.r-project.org/Licenses/","R-runtime-COPYING","Bundled runtime. Public releases should provide corresponding StatEdu Studio source and preserve R license notices."
"R package: agricolae","Direct StatEdu Studio package","agricolae","1.3-7","GPL","GPL","https://cran.r-project.org/package=agricolae","",""
"R package: car","Direct StatEdu Studio package","car","3.1-5","GPL (>= 2)","GPL","https://github.com/bprice2652/car_repo,
https://CRAN.R-project.org/package=car,
https://z.umn.edu/carbook","",""
"R package: cmprsk","Direct StatEdu Studio package","cmprsk","2.2-12","GPL (>= 2)","GPL","https://www.R-project.org","",""
"R package: flextable","Direct StatEdu Studio package","flextable","0.9.11","GPL-3","GPL","https://ardata-fr.github.io/flextable-book/,
https://davidgohel.github.io/flextable/","",""
"R package: foreign","Direct StatEdu Studio package","foreign","0.8-91","GPL (>= 2)","GPL","https://svn.r-project.org/R-packages/trunk/foreign/","",""
"R package: geepack","Direct StatEdu Studio package","geepack","1.3.13","GPL (>= 3)","GPL","https://cran.r-project.org/package=geepack","",""
"R package: glmnet","Direct StatEdu Studio package","glmnet","5.0","GPL-2","GPL","https://glmnet.stanford.edu","",""
"R package: htmltools","Direct StatEdu Studio package","htmltools","0.5.9","GPL (>= 2)","GPL","https://github.com/rstudio/htmltools,
https://rstudio.github.io/htmltools/","",""
"R package: lavaan","Direct StatEdu Studio package","lavaan","0.7-2","GPL (>= 2)","GPL","https://lavaan.ugent.be","",""
"R package: lme4","Direct StatEdu Studio package","lme4","2.0-1","GPL (>= 2)","GPL","https://github.com/lme4/lme4/","",""
"R package: lmerTest","Direct StatEdu Studio package","lmerTest","3.2-1","GPL (>= 2)","GPL","https://github.com/runehaubo/lmerTestR","",""
"R package: lmtest","Direct StatEdu Studio package","lmtest","0.9-40","GPL-2 | GPL-3","GPL","https://cran.r-project.org/package=lmtest","",""
"R package: longpower","Direct StatEdu Studio package","longpower","1.0.27","GPL (>= 2)","GPL","https://github.com/mcdonohue/longpower","",""
"R package: MASS","Direct StatEdu Studio package","MASS","7.3-65","GPL-2 | GPL-3","GPL","http://www.stats.ox.ac.uk/pub/MASS4/","",""
"R package: mice","Direct StatEdu Studio package","mice","3.19.0","GPL (>= 2)","GPL","https://github.com/amices/mice, https://amices.org/mice/,
https://stefvanbuuren.name/fimd/","",""
"R package: nnet","Direct StatEdu Studio package","nnet","7.3-20","GPL-2 | GPL-3","GPL","http://www.stats.ox.ac.uk/pub/MASS4/","",""
"R package: nortest","Direct StatEdu Studio package","nortest","1.0-4","GPL (>= 2)","GPL","https://cran.r-project.org/package=nortest","",""
"R package: ordinal","Direct StatEdu Studio package","ordinal","2025.12-29","GPL (>= 2)","GPL","https://github.com/runehaubo/ordinal","",""
"R package: plm","Direct StatEdu Studio package","plm","2.6-7","GPL (>= 2)","GPL","https://cran.r-project.org/package=plm,
https://github.com/ycroissant/plm","",""
"R package: polycor","Direct StatEdu Studio package","polycor","0.8-2","GPL (>= 2)","GPL","https://github.com/dmurdoch/polycor,
https://CRAN.R-project.org/package=polycor","",""
"R package: psych","Direct StatEdu Studio package","psych","2.6.5","GPL (>= 2)","GPL","https://personality-project.org/r/psych/
https://personality-project.org/r/psych-manual.pdf","",""
"R package: sandwich","Direct StatEdu Studio package","sandwich","3.1-1","GPL-2 | GPL-3","GPL","https://sandwich.R-Forge.R-project.org/","",""
"R package: seminr","Direct StatEdu Studio package","seminr","2.5.0","GPL-3","GPL","https://github.com/sem-in-r/seminr","",""
"R package: survey","Direct StatEdu Studio package","survey","4.5","GPL-2 | GPL-3","GPL","http://r-survey.r-forge.r-project.org/survey/","R-survey-4.5-COPYING",""
"R package: TOSTER","Direct StatEdu Studio package","TOSTER","0.8.6","GPL-3","GPL","https://aaroncaldwell.us/TOSTERpkg/","",""
"R package: WebPower","Direct StatEdu Studio package","WebPower","0.9.4","GPL (>= 3)","GPL","https://webpower.psychstat.org","",""
"R package: survival","Direct StatEdu Studio package","survival","3.8-6","LGPL (>= 2)","LGPL","https://github.com/therneau/survival","",""
"R package: boot","Direct StatEdu Studio package","boot","1.3-32","Unlimited","permissive-or-other","https://cran.r-project.org/package=boot","",""
"R package: callr","Direct StatEdu Studio package","callr","3.7.6","MIT + file LICENSE","permissive-or-other","https://callr.r-lib.org, https://github.com/r-lib/callr","R-callr-3.7.6-LICENSE",""
"R package: cellranger","Direct StatEdu Studio package","cellranger","1.1.0","MIT + file LICENSE","permissive-or-other","https://github.com/rsheets/cellranger","R-cellranger-1.1.0-LICENSE",""
"R package: DT","Direct StatEdu Studio package","DT","0.34.0","MIT + file LICENSE","permissive-or-other","https://github.com/rstudio/DT","R-DT-0.34.0-LICENSE",""
"R package: ggplot2","Direct StatEdu Studio package","ggplot2","4.0.2","MIT + file LICENSE","permissive-or-other","https://ggplot2.tidyverse.org,
https://github.com/tidyverse/ggplot2","R-ggplot2-4.0.2-LICENSE",""
"R package: haven","Direct StatEdu Studio package","haven","2.5.5","MIT + file LICENSE","permissive-or-other","https://haven.tidyverse.org, https://github.com/tidyverse/haven,
https://github.com/WizardMac/ReadStat","R-haven-2.5.5-LICENSE",""
"R package: jsonlite","Direct StatEdu Studio package","jsonlite","2.0.0","MIT + file LICENSE","permissive-or-other","https://jeroen.r-universe.dev/jsonlite
https://arxiv.org/abs/1403.2805","R-jsonlite-2.0.0-LICENSE",""
"R package: markdown","Direct StatEdu Studio package","markdown","2.0","MIT + file LICENSE","permissive-or-other","https://github.com/rstudio/markdown","R-markdown-2.0-LICENSE",""
"R package: mmrm","Direct StatEdu Studio package","mmrm","0.3.18","Apache License 2.0","permissive-or-other","https://openpharma.github.io/mmrm/","",""
"R package: officer","Direct StatEdu Studio package","officer","0.7.3","MIT + file LICENSE","permissive-or-other","https://ardata-fr.github.io/officeverse/,
https://davidgohel.github.io/officer/","R-officer-0.7.3-LICENSE",""
"R package: openxlsx","Direct StatEdu Studio package","openxlsx","4.2.8.1","MIT + file LICENSE","permissive-or-other","https://ycphs.github.io/openxlsx/index.html,
https://github.com/ycphs/openxlsx","R-openxlsx-4.2.8.1-LICENSE",""
"R package: readr","Direct StatEdu Studio package","readr","2.2.0","MIT + file LICENSE","permissive-or-other","https://readr.tidyverse.org, https://github.com/tidyverse/readr","R-readr-2.2.0-LICENSE",""
"R package: readxl","Direct StatEdu Studio package","readxl","1.4.5","MIT + file LICENSE","permissive-or-other","https://readxl.tidyverse.org, https://github.com/tidyverse/readxl","R-readxl-1.4.5-LICENSE",""
"R package: rvest","Direct StatEdu Studio package","rvest","1.0.5","MIT + file LICENSE","permissive-or-other","https://rvest.tidyverse.org/, https://github.com/tidyverse/rvest","R-rvest-1.0.5-LICENSE",""
"R package: shiny","Direct StatEdu Studio package","shiny","1.13.0","MIT + file LICENSE","permissive-or-other","https://shiny.posit.co/, https://github.com/rstudio/shiny","R-shiny-1.13.0-LICENSE",""
"R package: xml2","Direct StatEdu Studio package","xml2","1.5.2","MIT + file LICENSE","permissive-or-other","https://xml2.r-lib.org, https://r-lib.r-universe.dev/xml2","R-xml2-1.5.2-LICENSE",""
"R package: cSEM","Bundled validation package","cSEM","0.6.1","GPL-3","GPL","https://github.com/FloSchuberth/cSEM/,
https://floschuberth.github.io/cSEM/","",""
"R package: admisc","Bundled dependency","admisc","0.40","GPL (>= 3)","GPL","https://github.com/dusadrian/admisc","",""
"R package: alabama","Bundled dependency","alabama","2025.1.0","GPL (>= 2)","GPL","https://cran.r-project.org/package=alabama","",""
"R package: AlgDesign","Bundled dependency","AlgDesign","1.2.1.2","GPL (>= 2)","GPL","https://github.com/jvbraun/AlgDesign","",""
"R package: backports","Bundled dependency","backports","1.5.0","GPL-2 | GPL-3","GPL","https://github.com/r-lib/backports","",""
"R package: base64enc","Bundled dependency","base64enc","0.1-6","GPL-2 | GPL-3","GPL","https://www.rforge.net/base64enc","",""
"R package: bit","Bundled dependency","bit","4.6.0","GPL-2 | GPL-3","GPL","https://github.com/r-lib/bit","",""
"R package: bit64","Bundled dependency","bit64","4.6.0-1","GPL-2 | GPL-3","GPL","https://github.com/r-lib/bit64","",""
"R package: carData","Bundled dependency","carData","3.0-6","GPL (>= 2)","GPL","https://r-forge.r-project.org/projects/car/,
https://CRAN.R-project.org/package=carData,
https://z.umn.edu/carbook","",""
"R package: clipr","Bundled dependency","clipr","0.8.0","GPL-3","GPL","https://github.com/mdlincoln/clipr,
http://matthewlincoln.net/clipr/","",""
"R package: collapse","Bundled dependency","collapse","2.1.7","GPL (>= 2) | file LICENSE","GPL","https://fastverse.org/collapse/,
https://github.com/fastverse/collapse","R-collapse-2.1.7-LICENSE",""
"R package: combinat","Bundled dependency","combinat","0.0-8","GPL-2","GPL","https://cran.r-project.org/package=combinat","",""
"R package: cowplot","Bundled dependency","cowplot","1.2.0","GPL-2","GPL","https://wilkelab.org/cowplot/","",""
"R package: cubature","Bundled dependency","cubature","2.1.4-1","GPL-3","GPL","https://bnaras.github.io/cubature/","",""
"R package: Deriv","Bundled dependency","Deriv","4.2.0","GPL (>= 3)","GPL","https://cran.r-project.org/package=Deriv","",""
"R package: diffobj","Bundled dependency","diffobj","0.3.6","GPL-2 | GPL-3","GPL","https://github.com/brodieG/diffobj","",""
"R package: digest","Bundled dependency","digest","0.6.39","GPL (>= 2)","GPL","https://github.com/eddelbuettel/digest,
https://eddelbuettel.github.io/digest/,
https://dirk.eddelbuettel.com/code/digest.html","",""
"R package: distributional","Bundled dependency","distributional","0.7.0","GPL-3","GPL","https://pkg.mitchelloharawild.com/distributional/,
https://github.com/mitchelloharawild/distributional","",""
"R package: doBy","Bundled dependency","doBy","4.7.1","GPL (>= 2)","GPL","https://github.com/hojsgaard/doBy","",""
"R package: expm","Bundled dependency","expm","1.0-0","GPL (>= 2)","GPL","https://R-Forge.R-project.org/projects/expm/","",""
"R package: fontquiver","Bundled dependency","fontquiver","0.2.1","GPL-3 | file LICENSE","GPL","https://cran.r-project.org/package=fontquiver","R-fontquiver-0.2.1-LICENSE",""
"R package: forecast","Bundled dependency","forecast","9.0.2","GPL-3","GPL","https://pkg.robjhyndman.com/forecast/,
https://github.com/robjhyndman/forecast","",""
"R package: Formula","Bundled dependency","Formula","1.2-5","GPL-2 | GPL-3","GPL","https://cran.r-project.org/package=Formula","",""
"R package: fracdiff","Bundled dependency","fracdiff","1.5-4","GPL (>= 2)","GPL","https://github.com/mmaechler/fracdiff","",""
"R package: future.apply","Bundled dependency","future.apply","1.20.2","GPL (>= 2)","GPL","https://future.apply.futureverse.org,
https://github.com/futureverse/future.apply","",""
"R package: gdtools","Bundled dependency","gdtools","0.5.0","GPL-3 | file LICENSE","GPL","https://davidgohel.github.io/gdtools/","R-gdtools-0.5.0-LICENSE",""
"R package: ggdist","Bundled dependency","ggdist","3.3.3","GPL (>= 3)","GPL","https://mjskay.github.io/ggdist/,
https://github.com/mjskay/ggdist/","",""
"R package: gmp","Bundled dependency","gmp","0.7-5.1","GPL (>= 2)","GPL","https://forgemia.inra.fr/sylvain.jasson/gmp","",""
"R package: GPArotation","Bundled dependency","GPArotation","2026.4-1","GPL (>= 2)","GPL","https://cran.r-project.org/package=GPArotation","",""
"R package: highr","Bundled dependency","highr","0.11","GPL","GPL","https://github.com/yihui/highr","",""
"R package: httpuv","Bundled dependency","httpuv","1.6.17","GPL (>= 2) | file LICENSE","GPL","https://rstudio.github.io/httpuv/,
https://github.com/rstudio/httpuv","R-httpuv-1.6.17-LICENSE",""
"R package: igraph","Bundled dependency","igraph","2.3.3","GPL (>= 2)","GPL","https://r.igraph.org/, https://igraph.org/,
https://igraph.discourse.group/","",""
"R package: jmvcore","Bundled dependency","jmvcore","2.7.7","GPL (>= 2)","GPL","https://www.jamovi.org","",""
"R package: jomo","Bundled dependency","jomo","2.7-6","GPL-2","GPL","https://cran.r-project.org/package=jomo","",""
"R package: knitr","Bundled dependency","knitr","1.51","GPL","GPL","https://yihui.org/knitr/","",""
"R package: lazyeval","Bundled dependency","lazyeval","0.2.3","GPL-3","GPL","https://cran.r-project.org/package=lazyeval","",""
"R package: matrixcalc","Bundled dependency","matrixcalc","1.0-6","GPL (>= 2)","GPL","https://cran.r-project.org/package=matrixcalc","",""
"R package: MatrixModels","Bundled dependency","MatrixModels","0.5-4","GPL (>= 2)","GPL","https://Matrix.R-forge.R-project.org/,
https://r-forge.r-project.org/R/?group_id=61","",""
"R package: maxLik","Bundled dependency","maxLik","1.5-2.2","GPL (>= 2)","GPL","https://cran.r-project.org/package=maxLik","",""
"R package: mime","Bundled dependency","mime","0.13","GPL","GPL","https://github.com/yihui/mime","",""
"R package: minqa","Bundled dependency","minqa","1.2.8","GPL-2","GPL","http://optimizer.r-forge.r-project.org","",""
"R package: miscTools","Bundled dependency","miscTools","0.6-30","GPL (>= 2)","GPL","https://github.com/arne-henningsen/miscTools","",""
"R package: mitml","Bundled dependency","mitml","0.4-5","GPL (>= 2)","GPL","https://cran.r-project.org/package=mitml","",""
"R package: mitools","Bundled dependency","mitools","2.4","GPL-2","GPL","https://cran.r-project.org/package=mitools","",""
"R package: mnormt","Bundled dependency","mnormt","2.1.2","GPL-2 | GPL-3","GPL","http://azzalini.stat.unipd.it/SW/Pkg-mnormt/","",""
"R package: modelr","Bundled dependency","modelr","0.1.11","GPL-3","GPL","https://modelr.tidyverse.org, https://github.com/tidyverse/modelr","",""
"R package: mpoly","Bundled dependency","mpoly","1.1.2","GPL-2","GPL","https://github.com/dkahle/mpoly","",""
"R package: multipol","Bundled dependency","multipol","1.0-9","GPL","GPL","https://cran.r-project.org/package=multipol","",""
"R package: mvtnorm","Bundled dependency","mvtnorm","1.3-3","GPL-2","GPL","http://mvtnorm.R-forge.R-project.org","",""
"R package: nleqslv","Bundled dependency","nleqslv","3.3.7","GPL (>= 2)","GPL","https://bertcarnell.github.io/nleqslv/,
https://github.com/bertcarnell/nleqslv/","",""
"R package: numDeriv","Bundled dependency","numDeriv","2016.8-1.1","GPL-2","GPL","http://optimizer.r-forge.r-project.org/","",""
"R package: orthopolynom","Bundled dependency","orthopolynom","1.0-6.1","GPL (>= 2)","GPL","https://cran.r-project.org/package=orthopolynom","",""
"R package: pan","Bundled dependency","pan","1.9","GPL-3","GPL","https://cran.r-project.org/package=pan","",""
"R package: partitions","Bundled dependency","partitions","1.10-9","GPL","GPL","https://github.com/RobinHankin/partitions","",""
"R package: pbivnorm","Bundled dependency","pbivnorm","0.6.0","GPL (>= 2)","GPL","https://github.com/brentonk/pbivnorm","",""
"R package: pbkrtest","Bundled dependency","pbkrtest","0.5.5","GPL (>= 2)","GPL","https://people.math.aau.dk/~sorenh/software/pbkrtest/","",""
"R package: PearsonDS","Bundled dependency","PearsonDS","1.3.2","GPL (>= 2)","GPL","https://cran.r-project.org/package=PearsonDS","",""
"R package: polynom","Bundled dependency","polynom","1.4-1","GPL-2","GPL","https://cran.r-project.org/package=polynom","",""
"R package: qrng","Bundled dependency","qrng","0.0-11","GPL-2 | GPL-3","GPL","https://cran.r-project.org/package=qrng","",""
"R package: quadprog","Bundled dependency","quadprog","1.5-8","GPL (>= 2)","GPL","https://cran.r-project.org/package=quadprog","",""
"R package: quantreg","Bundled dependency","quantreg","6.1","GPL (>= 2)","GPL","https://www.r-project.org","",""
"R package: rbibutils","Bundled dependency","rbibutils","2.4.1","GPL-2","GPL","https://geobosh.github.io/rbibutils/ (doc),
https://CRAN.R-project.org/package=rbibutils","",""
"R package: Rcpp","Bundled dependency","Rcpp","1.1.1","GPL (>= 2)","GPL","https://www.rcpp.org,
https://dirk.eddelbuettel.com/code/rcpp.html,
https://github.com/RcppCore/Rcpp","",""
"R package: RcppArmadillo","Bundled dependency","RcppArmadillo","15.2.4-1","GPL (>= 2)","GPL","https://github.com/RcppCore/RcppArmadillo,
https://dirk.eddelbuettel.com/code/rcpp.armadillo.html","",""
"R package: RcppEigen","Bundled dependency","RcppEigen","0.3.4.0.2","GPL (>= 2) | file LICENSE","GPL","https://github.com/RcppCore/RcppEigen,
https://dirk.eddelbuettel.com/code/rcpp.eigen.html","R-RcppEigen-0.3.4.0.2-LICENSE",""
"R package: Rdpack","Bundled dependency","Rdpack","2.6.6","GPL (>= 2)","GPL","https://geobosh.github.io/Rdpack/ (doc),
https://CRAN.R-project.org/package=Rdpack","",""
"R package: reformulas","Bundled dependency","reformulas","0.4.4","GPL-3","GPL","https://github.com/bbolker/reformulas","",""
"R package: rmarkdown","Bundled dependency","rmarkdown","2.30","GPL-3","GPL","https://github.com/rstudio/rmarkdown,
https://pkgs.rstudio.com/rmarkdown/","R-rmarkdown-2.30-COPYING; R-rmarkdown-2.30-NOTICE",""
"R package: sets","Bundled dependency","sets","1.0-25","GPL-2","GPL","https://cran.r-project.org/package=sets","",""
"R package: shape","Bundled dependency","shape","1.4.6.1","GPL (>= 3)","GPL","https://cran.r-project.org/package=shape","",""
"R package: SparseM","Bundled dependency","SparseM","1.84-2","GPL (>= 2)","GPL","http://www.econ.uiuc.edu/~roger/research/sparse/sparse.html","",""
"R package: symmoments","Bundled dependency","symmoments","1.2.2","GPL","GPL","https://github.com/FloSchuberth/symmoments","",""
"R package: timeDate","Bundled dependency","timeDate","4052.112","GPL (>= 2)","GPL","https://geobosh.github.io/timeDateDoc/ (doc),
https://CRAN.R-project.org/package=timeDate,
https://www.rmetrics.org","",""
"R package: TMB","Bundled dependency","TMB","1.9.25","GPL-2","GPL","https://github.com/kaskr/adcomp/wiki","",""
"R package: TruncatedNormal","Bundled dependency","TruncatedNormal","2.3","GPL-3","GPL","https://cran.r-project.org/package=TruncatedNormal","",""
"R package: ucminf","Bundled dependency","ucminf","1.2.3","GPL (>= 2)","GPL","https://github.com/hdakpo/ucminf","",""
"R package: urca","Bundled dependency","urca","1.3-4","GPL (>= 2)","GPL","https://cran.r-project.org/package=urca","",""
"R package: xtable","Bundled dependency","xtable","1.8-8","GPL (>= 2)","GPL","http://xtable.r-forge.r-project.org/","",""
"R package: zoo","Bundled dependency","zoo","1.8-15","GPL-2 | GPL-3","GPL","https://zoo.R-Forge.R-project.org/","",""
"R package: bdsmatrix","Bundled dependency","bdsmatrix","1.3-7","LGPL-2","LGPL","https://cran.r-project.org/package=bdsmatrix","",""
"R package: DBI","Bundled dependency","DBI","1.3.0","LGPL (>= 2.1)","LGPL","https://dbi.r-dbi.org, https://github.com/r-dbi/DBI","",""
"R package: globals","Bundled dependency","globals","0.19.1","LGPL (>= 2.1)","LGPL","https://globals.futureverse.org,
https://github.com/futureverse/globals","",""
"R package: nloptr","Bundled dependency","nloptr","2.2.1","LGPL (>= 3)","LGPL","https://github.com/astamm/nloptr, https://astamm.github.io/nloptr/","",""
"R package: parallelly","Bundled dependency","parallelly","1.48.0","LGPL (>= 2.1)","LGPL","https://parallelly.futureverse.org,
https://github.com/futureverse/parallelly","",""
"R package: abind","Bundled dependency","abind","1.4-8","MIT + file LICENSE","permissive-or-other","https://cran.r-project.org/package=abind","R-abind-1.4-8-LICENSE",""
"R package: askpass","Bundled dependency","askpass","1.2.1","MIT + file LICENSE","permissive-or-other","https://r-lib.r-universe.dev/askpass","R-askpass-1.2.1-LICENSE",""
"R package: brio","Bundled dependency","brio","1.1.5","MIT + file LICENSE","permissive-or-other","https://brio.r-lib.org, https://github.com/r-lib/brio","R-brio-1.1.5-LICENSE",""
"R package: broom","Bundled dependency","broom","1.0.12","MIT + file LICENSE","permissive-or-other","https://broom.tidymodels.org/, https://github.com/tidymodels/broom","R-broom-1.0.12-LICENSE",""
"R package: bslib","Bundled dependency","bslib","0.10.0","MIT + file LICENSE","permissive-or-other","https://rstudio.github.io/bslib/, https://github.com/rstudio/bslib","R-bslib-0.10.0-LICENSE",""
"R package: cachem","Bundled dependency","cachem","1.1.0","MIT + file LICENSE","permissive-or-other","https://cachem.r-lib.org/, https://github.com/r-lib/cachem","R-cachem-1.1.0-LICENSE",""
"R package: checkmate","Bundled dependency","checkmate","2.3.4","BSD_3_clause + file LICENSE","permissive-or-other","https://mllg.github.io/checkmate/,
https://github.com/mllg/checkmate","R-checkmate-2.3.4-LICENSE",""
"R package: cli","Bundled dependency","cli","3.6.5","MIT + file LICENSE","permissive-or-other","https://cli.r-lib.org, https://github.com/r-lib/cli","R-cli-3.6.5-LICENSE",""
"R package: colorspace","Bundled dependency","colorspace","2.1-2","BSD_3_clause + file LICENSE","permissive-or-other","https://colorspace.R-Forge.R-project.org/, https://hclwizard.org/","R-colorspace-2.1-2-LICENSE",""
"R package: commonmark","Bundled dependency","commonmark","2.0.0","BSD_2_clause + file LICENSE","permissive-or-other","https://docs.ropensci.org/commonmark/
https://ropensci.r-universe.dev/commonmark","R-commonmark-2.0.0-LICENSE",""
"R package: cpp11","Bundled dependency","cpp11","0.5.3","MIT + file LICENSE","permissive-or-other","https://cpp11.r-lib.org, https://github.com/r-lib/cpp11","R-cpp11-0.5.3-LICENSE",""
"R package: crayon","Bundled dependency","crayon","1.5.3","MIT + file LICENSE","permissive-or-other","https://r-lib.github.io/crayon/, https://github.com/r-lib/crayon","R-crayon-1.5.3-LICENSE",""
"R package: crosstalk","Bundled dependency","crosstalk","1.2.2","MIT + file LICENSE","permissive-or-other","https://rstudio.github.io/crosstalk/,
https://github.com/rstudio/crosstalk","R-crosstalk-1.2.2-LICENSE",""
"R package: curl","Bundled dependency","curl","7.0.0","MIT + file LICENSE","permissive-or-other","https://jeroen.r-universe.dev/curl","R-curl-7.0.0-LICENSE",""
"R package: data.table","Bundled dependency","data.table","1.18.2.1","MPL-2.0 | file LICENSE","permissive-or-other","https://r-datatable.com, https://Rdatatable.gitlab.io/data.table,
https://github.com/Rdatatable/data.table","R-data.table-1.18.2.1-LICENSE",""
"R package: desc","Bundled dependency","desc","1.4.3","MIT + file LICENSE","permissive-or-other","https://desc.r-lib.org/, https://github.com/r-lib/desc","R-desc-1.4.3-LICENSE",""
"R package: DiagrammeR","Bundled dependency","DiagrammeR","1.0.12","MIT + file LICENSE","permissive-or-other","https://rich-iannone.github.io/DiagrammeR/,
https://github.com/rich-iannone/DiagrammeR","R-DiagrammeR-1.0.12-LICENSE",""
"R package: DiagrammeRsvg","Bundled dependency","DiagrammeRsvg","0.1","MIT + file LICENSE","permissive-or-other","https://github.com/rich-iannone/DiagrammeRsvg","R-DiagrammeRsvg-0.1-LICENSE",""
"R package: dplyr","Bundled dependency","dplyr","1.2.0","MIT + file LICENSE","permissive-or-other","https://dplyr.tidyverse.org, https://github.com/tidyverse/dplyr","R-dplyr-1.2.0-LICENSE",""
"R package: evaluate","Bundled dependency","evaluate","1.0.5","MIT + file LICENSE","permissive-or-other","https://evaluate.r-lib.org/, https://github.com/r-lib/evaluate","R-evaluate-1.0.5-LICENSE",""
"R package: farver","Bundled dependency","farver","2.1.2","MIT + file LICENSE","permissive-or-other","https://farver.data-imaginist.com,
https://github.com/thomasp85/farver","R-farver-2.1.2-LICENSE",""
"R package: fastmap","Bundled dependency","fastmap","1.2.0","MIT + file LICENSE","permissive-or-other","https://r-lib.github.io/fastmap/, https://github.com/r-lib/fastmap","R-fastmap-1.2.0-LICENSE",""
"R package: fontawesome","Bundled dependency","fontawesome","0.5.3","MIT + file LICENSE","permissive-or-other","https://github.com/rstudio/fontawesome,
https://rstudio.github.io/fontawesome/","R-fontawesome-0.5.3-LICENSE",""
"R package: fontBitstreamVera","Bundled dependency","fontBitstreamVera","0.1.1","file LICENCE","permissive-or-other","https://cran.r-project.org/package=fontBitstreamVera","R-fontBitstreamVera-0.1.1-LICENCE",""
"R package: fontLiberation","Bundled dependency","fontLiberation","0.1.0","file LICENSE","permissive-or-other","https://cran.r-project.org/package=fontLiberation","R-fontLiberation-0.1.0-LICENSE",""
"R package: forcats","Bundled dependency","forcats","1.0.1","MIT + file LICENSE","permissive-or-other","https://forcats.tidyverse.org/,
https://github.com/tidyverse/forcats","R-forcats-1.0.1-LICENSE",""
"R package: foreach","Bundled dependency","foreach","1.5.2","Apache License (== 2.0)","permissive-or-other","https://github.com/RevolutionAnalytics/foreach","",""
"R package: fs","Bundled dependency","fs","1.6.6","MIT + file LICENSE","permissive-or-other","https://fs.r-lib.org, https://github.com/r-lib/fs","R-fs-1.6.6-LICENSE",""
"R package: future","Bundled dependency","future","1.75.0","Apache License (>= 2)","permissive-or-other","https://future.futureverse.org,
https://github.com/futureverse/future","",""
"R package: generics","Bundled dependency","generics","0.1.4","MIT + file LICENSE","permissive-or-other","https://generics.r-lib.org, https://github.com/r-lib/generics","R-generics-0.1.4-LICENSE",""
"R package: glue","Bundled dependency","glue","1.8.0","MIT + file LICENSE","permissive-or-other","https://glue.tidyverse.org/, https://github.com/tidyverse/glue","R-glue-1.8.0-LICENSE",""
"R package: gtable","Bundled dependency","gtable","0.3.6","MIT + file LICENSE","permissive-or-other","https://gtable.r-lib.org, https://github.com/r-lib/gtable","R-gtable-0.3.6-LICENSE",""
"R package: hms","Bundled dependency","hms","1.1.4","MIT + file LICENSE","permissive-or-other","https://hms.tidyverse.org/, https://github.com/tidyverse/hms","R-hms-1.1.4-LICENSE",""
"R package: htmlwidgets","Bundled dependency","htmlwidgets","1.6.4","MIT + file LICENSE","permissive-or-other","https://github.com/ramnathv/htmlwidgets","R-htmlwidgets-1.6.4-LICENSE",""
"R package: httr","Bundled dependency","httr","1.4.8","MIT + file LICENSE","permissive-or-other","https://httr.r-lib.org/, https://github.com/r-lib/httr","R-httr-1.4.8-LICENSE",""
"R package: isoband","Bundled dependency","isoband","0.3.0","MIT + file LICENSE","permissive-or-other","https://isoband.r-lib.org, https://github.com/r-lib/isoband","R-isoband-0.3.0-LICENSE",""
"R package: iterators","Bundled dependency","iterators","1.0.14","Apache License (== 2.0)","permissive-or-other","https://github.com/RevolutionAnalytics/iterators","",""
"R package: jquerylib","Bundled dependency","jquerylib","0.1.4","MIT + file LICENSE","permissive-or-other","https://cran.r-project.org/package=jquerylib","R-jquerylib-0.1.4-LICENSE",""
"R package: labeling","Bundled dependency","labeling","0.4.3","MIT + file LICENSE | Unlimited","permissive-or-other","https://cran.r-project.org/package=labeling","R-labeling-0.4.3-LICENSE",""
"R package: later","Bundled dependency","later","1.4.8","MIT + file LICENSE","permissive-or-other","https://later.r-lib.org, https://github.com/r-lib/later","R-later-1.4.8-LICENSE",""
"R package: lifecycle","Bundled dependency","lifecycle","1.0.5","MIT + file LICENSE","permissive-or-other","https://lifecycle.r-lib.org/, https://github.com/r-lib/lifecycle","R-lifecycle-1.0.5-LICENSE",""
"R package: listenv","Bundled dependency","listenv","1.0.0","Apache License (>= 2)","permissive-or-other","https://listenv.futureverse.org,
https://github.com/futureverse/listenv","",""
"R package: litedown","Bundled dependency","litedown","0.9","MIT + file LICENSE","permissive-or-other","https://github.com/yihui/litedown","R-litedown-0.9-LICENSE",""
"R package: magrittr","Bundled dependency","magrittr","2.0.4","MIT + file LICENSE","permissive-or-other","https://magrittr.tidyverse.org,
https://github.com/tidyverse/magrittr","R-magrittr-2.0.4-LICENSE",""
"R package: matrixStats","Bundled dependency","matrixStats","1.5.0","Artistic-2.0","permissive-or-other","https://github.com/HenrikBengtsson/matrixStats","",""
"R package: memoise","Bundled dependency","memoise","2.0.1","MIT + file LICENSE","permissive-or-other","https://memoise.r-lib.org, https://github.com/r-lib/memoise","R-memoise-2.0.1-LICENSE",""
"R package: microbenchmark","Bundled dependency","microbenchmark","1.5.0","BSD_2_clause + file LICENSE","permissive-or-other","https://github.com/joshuaulrich/microbenchmark/","R-microbenchmark-1.5.0-LICENSE",""
"R package: openssl","Bundled dependency","openssl","2.3.4","MIT + file LICENSE","permissive-or-other","https://jeroen.r-universe.dev/openssl","R-openssl-2.3.4-LICENSE",""
"R package: otel","Bundled dependency","otel","0.2.0","MIT + file LICENSE","permissive-or-other","https://otel.r-lib.org, https://github.com/r-lib/otel","R-otel-0.2.0-LICENSE",""
"R package: pillar","Bundled dependency","pillar","1.11.1","MIT + file LICENSE","permissive-or-other","https://pillar.r-lib.org/, https://github.com/r-lib/pillar","R-pillar-1.11.1-LICENSE",""
"R package: pkgbuild","Bundled dependency","pkgbuild","1.4.8","MIT + file LICENSE","permissive-or-other","https://github.com/r-lib/pkgbuild, https://pkgbuild.r-lib.org","R-pkgbuild-1.4.8-LICENSE",""
"R package: pkgconfig","Bundled dependency","pkgconfig","2.0.3","MIT + file LICENSE","permissive-or-other","https://github.com/r-lib/pkgconfig#readme","R-pkgconfig-2.0.3-LICENSE",""
"R package: pkgload","Bundled dependency","pkgload","1.5.2","MIT + file LICENSE","permissive-or-other","https://github.com/r-lib/pkgload, https://pkgload.r-lib.org","R-pkgload-1.5.2-LICENSE",""
"R package: plyr","Bundled dependency","plyr","1.8.9","MIT + file LICENSE","permissive-or-other","http://had.co.nz/plyr, https://github.com/hadley/plyr","R-plyr-1.8.9-LICENSE",""
"R package: praise","Bundled dependency","praise","1.0.0","MIT + file LICENSE","permissive-or-other","https://github.com/gaborcsardi/praise","R-praise-1.0.0-LICENSE",""
"R package: prettyunits","Bundled dependency","prettyunits","1.2.0","MIT + file LICENSE","permissive-or-other","https://github.com/r-lib/prettyunits","R-prettyunits-1.2.0-LICENSE",""
"R package: processx","Bundled dependency","processx","3.8.6","MIT + file LICENSE","permissive-or-other","https://processx.r-lib.org, https://github.com/r-lib/processx","R-processx-3.8.6-LICENSE",""
"R package: progress","Bundled dependency","progress","1.2.3","MIT + file LICENSE","permissive-or-other","https://github.com/r-lib/progress#readme,
http://r-lib.github.io/progress/","R-progress-1.2.3-LICENSE",""
"R package: progressr","Bundled dependency","progressr","1.0.0","Apache License (>= 2)","permissive-or-other","https://progressr.futureverse.org,
https://github.com/futureverse/progressr","",""
"R package: promises","Bundled dependency","promises","1.5.0","MIT + file LICENSE","permissive-or-other","https://rstudio.github.io/promises/,
https://github.com/rstudio/promises","R-promises-1.5.0-LICENSE",""
"R package: ps","Bundled dependency","ps","1.9.1","MIT + file LICENSE","permissive-or-other","https://github.com/r-lib/ps, https://ps.r-lib.org/","R-ps-1.9.1-LICENSE",""
"R package: purrr","Bundled dependency","purrr","1.2.1","MIT + file LICENSE","permissive-or-other","https://purrr.tidyverse.org/, https://github.com/tidyverse/purrr","R-purrr-1.2.1-LICENSE",""
"R package: R6","Bundled dependency","R6","2.6.1","MIT + file LICENSE","permissive-or-other","https://r6.r-lib.org, https://github.com/r-lib/R6","R-R6-2.6.1-LICENSE",""
"R package: ragg","Bundled dependency","ragg","1.5.0","MIT + file LICENSE","permissive-or-other","https://ragg.r-lib.org, https://github.com/r-lib/ragg","R-ragg-1.5.0-LICENSE",""
"R package: rappdirs","Bundled dependency","rappdirs","0.3.4","MIT + file LICENSE","permissive-or-other","https://rappdirs.r-lib.org, https://github.com/r-lib/rappdirs","R-rappdirs-0.3.4-LICENSE",""
"R package: RColorBrewer","Bundled dependency","RColorBrewer","1.1-3","Apache License 2.0","permissive-or-other","https://cran.r-project.org/package=RColorBrewer","R-RColorBrewer-1.1-3-COPYING",""
"R package: rematch","Bundled dependency","rematch","2.0.0","MIT + file LICENSE","permissive-or-other","https://github.com/gaborcsardi/rematch","R-rematch-2.0.0-LICENSE",""
"R package: rlang","Bundled dependency","rlang","1.1.7","MIT + file LICENSE","permissive-or-other","https://rlang.r-lib.org, https://github.com/r-lib/rlang","R-rlang-1.1.7-LICENSE",""
"R package: rprojroot","Bundled dependency","rprojroot","2.1.1","MIT + file LICENSE","permissive-or-other","https://rprojroot.r-lib.org/, https://github.com/r-lib/rprojroot","R-rprojroot-2.1.1-LICENSE",""
"R package: rstudioapi","Bundled dependency","rstudioapi","0.18.0","MIT + file LICENSE","permissive-or-other","https://rstudio.github.io/rstudioapi/,
https://github.com/rstudio/rstudioapi","R-rstudioapi-0.18.0-LICENSE",""
"R package: S7","Bundled dependency","S7","0.2.1","MIT + file LICENSE","permissive-or-other","https://rconsortium.github.io/S7/,
https://github.com/RConsortium/S7","R-S7-0.2.1-LICENSE",""
"R package: sass","Bundled dependency","sass","0.4.10","MIT + file LICENSE","permissive-or-other","https://rstudio.github.io/sass/, https://github.com/rstudio/sass","R-sass-0.4.10-LICENSE",""
"R package: scales","Bundled dependency","scales","1.4.0","MIT + file LICENSE","permissive-or-other","https://scales.r-lib.org, https://github.com/r-lib/scales","R-scales-1.4.0-LICENSE",""
"R package: selectr","Bundled dependency","selectr","0.5-1","BSD_3_clause + file LICENCE","permissive-or-other","https://sjp.co.nz/projects/selectr/","R-selectr-0.5-1-LICENCE",""
"R package: sourcetools","Bundled dependency","sourcetools","0.1.7-2","MIT + file LICENSE","permissive-or-other","https://cran.r-project.org/package=sourcetools","R-sourcetools-0.1.7-2-LICENSE",""
"R package: spacefillr","Bundled dependency","spacefillr","0.4.0","MIT + file LICENSE","permissive-or-other","https://github.com/tylermorganwall/spacefillr","R-spacefillr-0.4.0-LICENSE",""
"R package: stringi","Bundled dependency","stringi","1.8.7","file LICENSE","permissive-or-other","https://stringi.gagolewski.com/,
https://github.com/gagolews/stringi, https://icu.unicode.org/","R-stringi-1.8.7-LICENSE",""
"R package: stringr","Bundled dependency","stringr","1.6.0","MIT + file LICENSE","permissive-or-other","https://stringr.tidyverse.org,
https://github.com/tidyverse/stringr","R-stringr-1.6.0-LICENSE",""
"R package: sys","Bundled dependency","sys","3.4.3","MIT + file LICENSE","permissive-or-other","https://jeroen.r-universe.dev/sys","R-sys-3.4.3-LICENSE",""
"R package: systemfonts","Bundled dependency","systemfonts","1.3.1","MIT + file LICENSE","permissive-or-other","https://github.com/r-lib/systemfonts,
https://systemfonts.r-lib.org","R-systemfonts-1.3.1-LICENSE",""
"R package: testthat","Bundled dependency","testthat","3.3.2","MIT + file LICENSE","permissive-or-other","https://testthat.r-lib.org, https://github.com/r-lib/testthat","R-testthat-3.3.2-LICENSE",""
"R package: textshaping","Bundled dependency","textshaping","1.0.4","MIT + file LICENSE","permissive-or-other","https://github.com/r-lib/textshaping","R-textshaping-1.0.4-LICENSE",""
"R package: tibble","Bundled dependency","tibble","3.3.1","MIT + file LICENSE","permissive-or-other","https://tibble.tidyverse.org/, https://github.com/tidyverse/tibble","R-tibble-3.3.1-LICENSE",""
"R package: tidyr","Bundled dependency","tidyr","1.3.2","MIT + file LICENSE","permissive-or-other","https://tidyr.tidyverse.org, https://github.com/tidyverse/tidyr","R-tidyr-1.3.2-LICENSE",""
"R package: tidyselect","Bundled dependency","tidyselect","1.2.1","MIT + file LICENSE","permissive-or-other","https://tidyselect.r-lib.org, https://github.com/r-lib/tidyselect","R-tidyselect-1.2.1-LICENSE",""
"R package: tinytex","Bundled dependency","tinytex","0.58","MIT + file LICENSE","permissive-or-other","https://github.com/rstudio/tinytex","R-tinytex-0.58-LICENSE",""
"R package: translations","Bundled dependency","translations","4.5.3","Part of R 4.5.3","permissive-or-other","https://cran.r-project.org/package=translations","",""
"R package: tzdb","Bundled dependency","tzdb","0.5.0","MIT + file LICENSE","permissive-or-other","https://tzdb.r-lib.org, https://github.com/r-lib/tzdb","R-tzdb-0.5.0-LICENSE",""
"R package: utf8","Bundled dependency","utf8","1.2.6","Apache License (== 2.0) | file LICENSE","permissive-or-other","https://krlmlr.github.io/utf8/, https://github.com/krlmlr/utf8","R-utf8-1.2.6-LICENSE",""
"R package: uuid","Bundled dependency","uuid","1.2-2","MIT + file LICENSE","permissive-or-other","https://www.rforge.net/uuid","R-uuid-1.2-2-LICENSE; R-uuid-1.2-2-COPYING",""
"R package: V8","Bundled dependency","V8","8.0.1","MIT + file LICENSE","permissive-or-other","https://jeroen.r-universe.dev/V8","R-V8-8.0.1-LICENSE",""
"R package: vctrs","Bundled dependency","vctrs","0.7.1","MIT + file LICENSE","permissive-or-other","https://vctrs.r-lib.org/, https://github.com/r-lib/vctrs","R-vctrs-0.7.1-LICENSE",""
"R package: viridisLite","Bundled dependency","viridisLite","0.4.3","MIT + file LICENSE","permissive-or-other","https://sjmgarnier.github.io/viridisLite/,
https://github.com/sjmgarnier/viridisLite/","R-viridisLite-0.4.3-LICENSE",""
"R package: visNetwork","Bundled dependency","visNetwork","2.1.4","MIT + file LICENSE","permissive-or-other","https://datastorm-open.github.io/visNetwork/","R-visNetwork-2.1.4-LICENSE; R-visNetwork-2.1.4-NOTICE",""
"R package: vroom","Bundled dependency","vroom","1.7.0","MIT + file LICENSE","permissive-or-other","https://vroom.tidyverse.org, https://github.com/tidyverse/vroom","R-vroom-1.7.0-LICENSE",""
"R package: waldo","Bundled dependency","waldo","0.6.2","MIT + file LICENSE","permissive-or-other","https://waldo.r-lib.org, https://github.com/r-lib/waldo","R-waldo-0.6.2-LICENSE",""
"R package: withr","Bundled dependency","withr","3.0.2","MIT + file LICENSE","permissive-or-other","https://withr.r-lib.org, https://github.com/r-lib/withr#readme","R-withr-3.0.2-LICENSE",""
"R package: xfun","Bundled dependency","xfun","0.56","MIT + file LICENSE","permissive-or-other","https://github.com/yihui/xfun","R-xfun-0.56-LICENSE",""
"R package: yaml","Bundled dependency","yaml","2.3.12","BSD_3_clause + file LICENSE","permissive-or-other","https://yaml.r-lib.org, https://github.com/r-lib/yaml/","R-yaml-2.3.12-LICENSE",""
"R package: zip","Bundled dependency","zip","2.3.3","MIT + file LICENSE","permissive-or-other","https://github.com/r-lib/zip, https://r-lib.github.io/zip/","R-zip-2.3.3-LICENSE",""
"R package: class","R base/recommended","class","7.3-23","GPL-2 | GPL-3","GPL","http://www.stats.ox.ac.uk/pub/MASS4/","",""
"R package: cluster","R base/recommended","cluster","2.1.8.2","GPL (>= 2)","GPL","https://svn.r-project.org/R-packages/trunk/cluster/","",""
"R package: codetools","R base/recommended","codetools","0.2-20","GPL","GPL","https://gitlab.com/luke-tierney/codetools","",""
"R package: lattice","R base/recommended","lattice","0.22-9","GPL (>= 2)","GPL","https://lattice.r-forge.r-project.org/","",""
"R package: Matrix","R base/recommended","Matrix","1.7-4","GPL (>= 2) | file LICENCE","GPL","https://Matrix.R-forge.R-project.org","R-Matrix-1.7-4-LICENCE",""
"R package: mgcv","R base/recommended","mgcv","1.9-4","GPL (>= 2)","GPL","https://cran.r-project.org/package=mgcv","",""
"R package: nlme","R base/recommended","nlme","3.1-168","GPL (>= 2)","GPL","https://svn.r-project.org/R-packages/trunk/nlme/","",""
"R package: rpart","R base/recommended","rpart","4.1.24","GPL-2 | GPL-3","GPL","https://github.com/bethatkinson/rpart,
https://cran.r-project.org/package=rpart","",""
"R package: spatial","R base/recommended","spatial","7.3-18","GPL-2 | GPL-3","GPL","http://www.stats.ox.ac.uk/pub/MASS4/","",""
"R package: base","R base/recommended","base","4.5.3","Part of R 4.5.3","permissive-or-other","https://cran.r-project.org/package=base","",""
"R package: compiler","R base/recommended","compiler","4.5.3","Part of R 4.5.3","permissive-or-other","https://cran.r-project.org/package=compiler","",""
"R package: datasets","R base/recommended","datasets","4.5.3","Part of R 4.5.3","permissive-or-other","https://cran.r-project.org/package=datasets","",""
"R package: graphics","R base/recommended","graphics","4.5.3","Part of R 4.5.3","permissive-or-other","https://cran.r-project.org/package=graphics","",""
"R package: grDevices","R base/recommended","grDevices","4.5.3","Part of R 4.5.3","permissive-or-other","https://cran.r-project.org/package=grDevices","",""
"R package: grid","R base/recommended","grid","4.5.3","Part of R 4.5.3","permissive-or-other","https://cran.r-project.org/package=grid","",""
"R package: KernSmooth","R base/recommended","KernSmooth","2.23-26","Unlimited","permissive-or-other","https://cran.r-project.org/package=KernSmooth","",""
"R package: methods","R base/recommended","methods","4.5.3","Part of R 4.5.3","permissive-or-other","https://cran.r-project.org/package=methods","",""
"R package: parallel","R base/recommended","parallel","4.5.3","Part of R 4.5.3","permissive-or-other","https://cran.r-project.org/package=parallel","",""
"R package: splines","R base/recommended","splines","4.5.3","Part of R 4.5.3","permissive-or-other","https://cran.r-project.org/package=splines","",""
"R package: stats","R base/recommended","stats","4.5.3","Part of R 4.5.3","permissive-or-other","https://cran.r-project.org/package=stats","",""
"R package: stats4","R base/recommended","stats4","4.5.3","Part of R 4.5.3","permissive-or-other","https://cran.r-project.org/package=stats4","",""
"R package: tcltk","R base/recommended","tcltk","4.5.3","Part of R 4.5.3","permissive-or-other","https://cran.r-project.org/package=tcltk","",""
"R package: tools","R base/recommended","tools","4.5.3","Part of R 4.5.3","permissive-or-other","https://cran.r-project.org/package=tools","",""
"R package: utils","R base/recommended","utils","4.5.3","Part of R 4.5.3","permissive-or-other","https://cran.r-project.org/package=utils","",""
