"Package","Version","License","Priority","Action"
"abind","1.4-8","MIT + file LICENSE","","keep"
"admisc","0.40","GPL (>= 3)","","keep"
"agricolae","1.3-7","GPL","","keep"
"alabama","2025.1.0","GPL (>= 2)","","keep"
"AlgDesign","1.2.1.2","GPL (>= 2)","","keep"
"askpass","1.2.1","MIT + file LICENSE","","keep"
"backports","1.5.0","GPL-2 | GPL-3","","keep"
"base","4.5.3","Part of R 4.5.3","base","keep"
"base64enc","0.1-6","GPL-2 | GPL-3","","keep"
"bdsmatrix","1.3-7","LGPL-2","","keep"
"bit","4.6.0","GPL-2 | GPL-3","","keep"
"bit64","4.6.0-1","GPL-2 | GPL-3","","keep"
"boot","1.3-32","Unlimited","recommended","keep"
"brio","1.1.5","MIT + file LICENSE","","keep"
"broom","1.0.12","MIT + file LICENSE","","keep"
"bslib","0.10.0","MIT + file LICENSE","","keep"
"cachem","1.1.0","MIT + file LICENSE","","keep"
"callr","3.7.6","MIT + file LICENSE","","keep"
"car","3.1-5","GPL (>= 2)","","keep"
"carData","3.0-6","GPL (>= 2)","","keep"
"cellranger","1.1.0","MIT + file LICENSE","","keep"
"checkmate","2.3.4","BSD_3_clause + file LICENSE","","keep"
"class","7.3-23","GPL-2 | GPL-3","recommended","keep"
"cli","3.6.5","MIT + file LICENSE","","keep"
"clipr","0.8.0","GPL-3","","keep"
"cluster","2.1.8.2","GPL (>= 2)","recommended","keep"
"cmprsk","2.2-12","GPL (>= 2)","","keep"
"codetools","0.2-20","GPL","recommended","keep"
"collapse","2.1.7","GPL (>= 2) | file LICENSE","","keep"
"colorspace","2.1-2","BSD_3_clause + file LICENSE","","keep"
"combinat","0.0-8","GPL-2","","keep"
"commonmark","2.0.0","BSD_2_clause + file LICENSE","","keep"
"compiler","4.5.3","Part of R 4.5.3","base","keep"
"cowplot","1.2.0","GPL-2","","keep"
"cpp11","0.5.3","MIT + file LICENSE","","keep"
"crayon","1.5.3","MIT + file LICENSE","","keep"
"crosstalk","1.2.2","MIT + file LICENSE","","keep"
"cSEM","0.6.1","GPL-3","","keep"
"cubature","2.1.4-1","GPL-3","","keep"
"curl","7.0.0","MIT + file LICENSE","","keep"
"data.table","1.18.2.1","MPL-2.0 | file LICENSE","","keep"
"datasets","4.5.3","Part of R 4.5.3","base","keep"
"DBI","1.3.0","LGPL (>= 2.1)","","keep"
"Deriv","4.2.0","GPL (>= 3)","","keep"
"desc","1.4.3","MIT + file LICENSE","","keep"
"DiagrammeR","1.0.12","MIT + file LICENSE","","keep"
"DiagrammeRsvg","0.1","MIT + file LICENSE","","keep"
"diffobj","0.3.6","GPL-2 | GPL-3","","keep"
"digest","0.6.39","GPL (>= 2)","","keep"
"distributional","0.7.0","GPL-3","","keep"
"doBy","4.7.1","GPL (>= 2)","","keep"
"dplyr","1.2.0","MIT + file LICENSE","","keep"
"DT","0.34.0","MIT + file LICENSE","","keep"
"evaluate","1.0.5","MIT + file LICENSE","","keep"
"expm","1.0-0","GPL (>= 2)","","keep"
"farver","2.1.2","MIT + file LICENSE","","keep"
"fastmap","1.2.0","MIT + file LICENSE","","keep"
"flextable","0.9.11","GPL-3","","keep"
"fontawesome","0.5.3","MIT + file LICENSE","","keep"
"fontBitstreamVera","0.1.1","file LICENCE","","keep"
"fontLiberation","0.1.0","file LICENSE","","keep"
"fontquiver","0.2.1","GPL-3 | file LICENSE","","keep"
"forcats","1.0.1","MIT + file LICENSE","","keep"
"foreach","1.5.2","Apache License (== 2.0)","","keep"
"forecast","9.0.2","GPL-3","","keep"
"foreign","0.8-91","GPL (>= 2)","recommended","keep"
"Formula","1.2-5","GPL-2 | GPL-3","","keep"
"fracdiff","1.5-4","GPL (>= 2)","","keep"
"fs","1.6.6","MIT + file LICENSE","","keep"
"future","1.75.0","Apache License (>= 2)","","keep"
"future.apply","1.20.2","GPL (>= 2)","","keep"
"gdtools","0.5.0","GPL-3 | file LICENSE","","keep"
"geepack","1.3.13","GPL (>= 3)","","keep"
"generics","0.1.4","MIT + file LICENSE","","keep"
"ggdist","3.3.3","GPL (>= 3)","","keep"
"ggplot2","4.0.2","MIT + file LICENSE","","keep"
"glmnet","5.0","GPL-2","","keep"
"globals","0.19.1","LGPL (>= 2.1)","","keep"
"glue","1.8.0","MIT + file LICENSE","","keep"
"gmp","0.7-5.1","GPL (>= 2)","","keep"
"GPArotation","2026.4-1","GPL (>= 2)","","keep"
"graphics","4.5.3","Part of R 4.5.3","base","keep"
"grDevices","4.5.3","Part of R 4.5.3","base","keep"
"grid","4.5.3","Part of R 4.5.3","base","keep"
"gtable","0.3.6","MIT + file LICENSE","","keep"
"haven","2.5.5","MIT + file LICENSE","","keep"
"highr","0.11","GPL","","keep"
"hms","1.1.4","MIT + file LICENSE","","keep"
"htmltools","0.5.9","GPL (>= 2)","","keep"
"htmlwidgets","1.6.4","MIT + file LICENSE","","keep"
"httpuv","1.6.17","GPL (>= 2) | file LICENSE","","keep"
"httr","1.4.8","MIT + file LICENSE","","keep"
"igraph","2.3.3","GPL (>= 2)","","keep"
"isoband","0.3.0","MIT + file LICENSE","","keep"
"iterators","1.0.14","Apache License (== 2.0)","","keep"
"jmvcore","2.7.7","GPL (>= 2)","","keep"
"jomo","2.7-6","GPL-2","","keep"
"jquerylib","0.1.4","MIT + file LICENSE","","keep"
"jsonlite","2.0.0","MIT + file LICENSE","","keep"
"KernSmooth","2.23-26","Unlimited","recommended","keep"
"knitr","1.51","GPL","","keep"
"labeling","0.4.3","MIT + file LICENSE | Unlimited","","keep"
"later","1.4.8","MIT + file LICENSE","","keep"
"lattice","0.22-9","GPL (>= 2)","recommended","keep"
"lavaan","0.7-2","GPL (>= 2)","","keep"
"lazyeval","0.2.3","GPL-3","","keep"
"lifecycle","1.0.5","MIT + file LICENSE","","keep"
"listenv","1.0.0","Apache License (>= 2)","","keep"
"litedown","0.9","MIT + file LICENSE","","keep"
"lme4","2.0-1","GPL (>= 2)","","keep"
"lmerTest","3.2-1","GPL (>= 2)","","keep"
"lmtest","0.9-40","GPL-2 | GPL-3","","keep"
"longpower","1.0.27","GPL (>= 2)","","keep"
"magrittr","2.0.4","MIT + file LICENSE","","keep"
"markdown","2.0","MIT + file LICENSE","","keep"
"MASS","7.3-65","GPL-2 | GPL-3","recommended","keep"
"Matrix","1.7-4","GPL (>= 2) | file LICENCE","recommended","keep"
"matrixcalc","1.0-6","GPL (>= 2)","","keep"
"MatrixModels","0.5-4","GPL (>= 2)","","keep"
"matrixStats","1.5.0","Artistic-2.0","","keep"
"maxLik","1.5-2.2","GPL (>= 2)","","keep"
"memoise","2.0.1","MIT + file LICENSE","","keep"
"methods","4.5.3","Part of R 4.5.3","base","keep"
"mgcv","1.9-4","GPL (>= 2)","recommended","keep"
"mice","3.19.0","GPL (>= 2)","","keep"
"microbenchmark","1.5.0","BSD_2_clause + file LICENSE","","keep"
"mime","0.13","GPL","","keep"
"minqa","1.2.8","GPL-2","","keep"
"miscTools","0.6-30","GPL (>= 2)","","keep"
"mitml","0.4-5","GPL (>= 2)","","keep"
"mitools","2.4","GPL-2","","keep"
"mmrm","0.3.18","Apache License 2.0","","keep"
"mnormt","2.1.2","GPL-2 | GPL-3","","keep"
"modelr","0.1.11","GPL-3","","keep"
"mpoly","1.1.2","GPL-2","","keep"
"multipol","1.0-9","GPL","","keep"
"mvtnorm","1.3-3","GPL-2","","keep"
"nleqslv","3.3.7","GPL (>= 2)","","keep"
"nlme","3.1-168","GPL (>= 2)","recommended","keep"
"nloptr","2.2.1","LGPL (>= 3)","","keep"
"nnet","7.3-20","GPL-2 | GPL-3","recommended","keep"
"nortest","1.0-4","GPL (>= 2)","","keep"
"numDeriv","2016.8-1.1","GPL-2","","keep"
"officer","0.7.3","MIT + file LICENSE","","keep"
"openssl","2.3.4","MIT + file LICENSE","","keep"
"openxlsx","4.2.8.1","MIT + file LICENSE","","keep"
"ordinal","2025.12-29","GPL (>= 2)","","keep"
"orthopolynom","1.0-6.1","GPL (>= 2)","","keep"
"otel","0.2.0","MIT + file LICENSE","","keep"
"pan","1.9","GPL-3","","keep"
"parallel","4.5.3","Part of R 4.5.3","base","keep"
"parallelly","1.48.0","LGPL (>= 2.1)","","keep"
"partitions","1.10-9","GPL","","keep"
"pbivnorm","0.6.0","GPL (>= 2)","","keep"
"pbkrtest","0.5.5","GPL (>= 2)","","keep"
"PearsonDS","1.3.2","GPL (>= 2)","","keep"
"pillar","1.11.1","MIT + file LICENSE","","keep"
"pkgbuild","1.4.8","MIT + file LICENSE","","keep"
"pkgconfig","2.0.3","MIT + file LICENSE","","keep"
"pkgload","1.5.2","MIT + file LICENSE","","keep"
"plm","2.6-7","GPL (>= 2)","","keep"
"plyr","1.8.9","MIT + file LICENSE","","keep"
"polycor","0.8-2","GPL (>= 2)","","keep"
"polynom","1.4-1","GPL-2","","keep"
"praise","1.0.0","MIT + file LICENSE","","keep"
"prettyunits","1.2.0","MIT + file LICENSE","","keep"
"processx","3.8.6","MIT + file LICENSE","","keep"
"progress","1.2.3","MIT + file LICENSE","","keep"
"progressr","1.0.0","Apache License (>= 2)","","keep"
"promises","1.5.0","MIT + file LICENSE","","keep"
"ps","1.9.1","MIT + file LICENSE","","keep"
"psych","2.6.5","GPL (>= 2)","","keep"
"purrr","1.2.1","MIT + file LICENSE","","keep"
"qrng","0.0-11","GPL-2 | GPL-3","","keep"
"quadprog","1.5-8","GPL (>= 2)","","keep"
"quantreg","6.1","GPL (>= 2)","","keep"
"R6","2.6.1","MIT + file LICENSE","","keep"
"ragg","1.5.0","MIT + file LICENSE","","keep"
"rappdirs","0.3.4","MIT + file LICENSE","","keep"
"rbibutils","2.4.1","GPL-2","","keep"
"RColorBrewer","1.1-3","Apache License 2.0","","keep"
"Rcpp","1.1.1","GPL (>= 2)","","keep"
"RcppArmadillo","15.2.4-1","GPL (>= 2)","","keep"
"RcppEigen","0.3.4.0.2","GPL (>= 2) | file LICENSE","","keep"
"Rdpack","2.6.6","GPL (>= 2)","","keep"
"readr","2.2.0","MIT + file LICENSE","","keep"
"readxl","1.4.5","MIT + file LICENSE","","keep"
"reformulas","0.4.4","GPL-3","","keep"
"rematch","2.0.0","MIT + file LICENSE","","keep"
"rlang","1.1.7","MIT + file LICENSE","","keep"
"rmarkdown","2.30","GPL-3","","keep"
"rpart","4.1.24","GPL-2 | GPL-3","recommended","keep"
"rprojroot","2.1.1","MIT + file LICENSE","","keep"
"rstudioapi","0.18.0","MIT + file LICENSE","","keep"
"rvest","1.0.5","MIT + file LICENSE","","keep"
"S7","0.2.1","MIT + file LICENSE","","keep"
"sandwich","3.1-1","GPL-2 | GPL-3","","keep"
"sass","0.4.10","MIT + file LICENSE","","keep"
"scales","1.4.0","MIT + file LICENSE","","keep"
"selectr","0.5-1","BSD_3_clause + file LICENCE","","keep"
"seminr","2.5.0","GPL-3","","keep"
"sets","1.0-25","GPL-2","","keep"
"shape","1.4.6.1","GPL (>= 3)","","keep"
"shiny","1.13.0","MIT + file LICENSE","","keep"
"sourcetools","0.1.7-2","MIT + file LICENSE","","keep"
"spacefillr","0.4.0","MIT + file LICENSE","","keep"
"SparseM","1.84-2","GPL (>= 2)","","keep"
"spatial","7.3-18","GPL-2 | GPL-3","recommended","keep"
"splines","4.5.3","Part of R 4.5.3","base","keep"
"stats","4.5.3","Part of R 4.5.3","base","keep"
"stats4","4.5.3","Part of R 4.5.3","base","keep"
"stringi","1.8.7","file LICENSE","","keep"
"stringr","1.6.0","MIT + file LICENSE","","keep"
"survey","4.5","GPL-2 | GPL-3","","keep"
"survival","3.8-6","LGPL (>= 2)","recommended","keep"
"svyVGAM","1.3","GPL-3","","keep"
"symmoments","1.2.2","GPL","","keep"
"sys","3.4.3","MIT + file LICENSE","","keep"
"systemfonts","1.3.1","MIT + file LICENSE","","keep"
"tcltk","4.5.3","Part of R 4.5.3","base","keep"
"testthat","3.3.2","MIT + file LICENSE","","keep"
"textshaping","1.0.4","MIT + file LICENSE","","keep"
"tibble","3.3.1","MIT + file LICENSE","","keep"
"tidyr","1.3.2","MIT + file LICENSE","","keep"
"tidyselect","1.2.1","MIT + file LICENSE","","keep"
"timeDate","4052.112","GPL (>= 2)","","keep"
"tinytex","0.58","MIT + file LICENSE","","keep"
"TMB","1.9.25","GPL-2","","keep"
"tools","4.5.3","Part of R 4.5.3","base","keep"
"TOSTER","0.8.6","GPL-3","","keep"
"translations","4.5.3","Part of R 4.5.3","","keep"
"TruncatedNormal","2.3","GPL-3","","keep"
"tzdb","0.5.0","MIT + file LICENSE","","keep"
"ucminf","1.2.3","GPL (>= 2)","","keep"
"urca","1.3-4","GPL (>= 2)","","keep"
"utf8","1.2.6","Apache License (== 2.0) | file LICENSE","","keep"
"utils","4.5.3","Part of R 4.5.3","base","keep"
"uuid","1.2-2","MIT + file LICENSE","","keep"
"V8","8.0.1","MIT + file LICENSE","","keep"
"vctrs","0.7.1","MIT + file LICENSE","","keep"
"VGAM","1.1-14","GPL-3","","keep"
"viridisLite","0.4.3","MIT + file LICENSE","","keep"
"visNetwork","2.1.4","MIT + file LICENSE","","keep"
"vroom","1.7.0","MIT + file LICENSE","","keep"
"waldo","0.6.2","MIT + file LICENSE","","keep"
"WebPower","0.9.4","GPL (>= 3)","","keep"
"withr","3.0.2","MIT + file LICENSE","","keep"
"xfun","0.56","MIT + file LICENSE","","keep"
"xml2","1.5.2","MIT + file LICENSE","","keep"
"xtable","1.8-8","GPL (>= 2)","","keep"
"yaml","2.3.12","BSD_3_clause + file LICENSE","","keep"
"zip","2.3.3","MIT + file LICENSE","","keep"
"zoo","1.8-15","GPL-2 | GPL-3","","keep"
