"Package","Version"
"abind","1.4-8"
"admisc","0.40"
"agricolae","1.3-7"
"alabama","2025.1.0"
"AlgDesign","1.2.1.2"
"askpass","1.2.1"
"backports","1.5.1"
"base","4.5.3"
"base64enc","0.1-6"
"bdsmatrix","1.3-7"
"bit","4.6.0"
"bit64","4.8.6"
"boot","1.3-32"
"brio","1.1.5"
"broom","1.0.13"
"bslib","0.12.0"
"cachem","1.1.0"
"callr","3.8.0"
"car","3.1-5"
"carData","3.0-6"
"cellranger","1.1.0"
"checkmate","2.3.4"
"class","7.3-23"
"cli","3.6.5"
"clipr","0.8.1"
"cluster","2.1.8.2"
"cmprsk","2.2-12"
"codetools","0.2-20"
"collapse","2.1.8"
"colorspace","2.1-3"
"combinat","0.0-8"
"commonmark","2.0.0"
"compiler","4.5.3"
"cowplot","1.2.0"
"cpp11","0.5.3"
"crayon","1.5.3"
"crosstalk","1.2.2"
"cSEM","0.6.1"
"cubature","2.1.4-1"
"curl","8.0.0"
"data.table","1.18.6.1"
"datasets","4.5.3"
"DBI","1.3.0"
"Deriv","4.3.5"
"desc","1.4.3"
"DiagrammeR","1.0.12"
"DiagrammeRsvg","0.1"
"diffobj","0.3.9"
"digest","0.6.39"
"distributional","0.9.0"
"doBy","4.7.2"
"dplyr","1.2.0"
"DT","0.34.0"
"evaluate","1.0.5"
"expm","1.0-0"
"farver","2.1.2"
"fastmap","1.2.0"
"flextable","0.10.1"
"fontawesome","0.5.3"
"fontBitstreamVera","0.1.1"
"fontLiberation","0.1.0"
"fontquiver","0.2.1"
"forcats","1.0.1"
"foreach","1.5.2"
"forecast","9.0.2"
"foreign","0.8-91"
"Formula","1.2-6"
"fracdiff","1.5-4"
"fs","2.1.0"
"future","1.75.0"
"future.apply","1.20.2"
"gdtools","0.5.1"
"geepack","1.3.13"
"generics","0.1.4"
"ggdist","3.3.3"
"ggplot2","4.0.2"
"glmnet","5.1"
"globals","0.19.1"
"glue","1.8.0"
"gmp","0.7-5.1"
"GPArotation","2026.4-1"
"graphics","4.5.3"
"grDevices","4.5.3"
"grid","4.5.3"
"gtable","0.3.6"
"haven","2.5.5"
"highr","0.12"
"hms","1.1.4"
"htmltools","0.5.9"
"htmlwidgets","1.6.4"
"httpuv","1.6.17"
"httr","1.4.9"
"igraph","2.3.3"
"isoband","0.3.0"
"iterators","1.0.14"
"jmvcore","28.3"
"jomo","2.7-6"
"jquerylib","0.1.4"
"jsonlite","2.0.0"
"KernSmooth","2.23-26"
"knitr","1.52"
"labeling","0.4.3"
"later","1.4.8"
"lattice","0.22-9"
"lavaan","0.7-2"
"lazyeval","0.2.3"
"lifecycle","1.0.5"
"listenv","1.0.0"
"litedown","0.11"
"lme4","2.0-6"
"lmerTest","3.2-1"
"lmtest","0.9-40"
"longpower","1.0.27"
"magrittr","2.0.4"
"markdown","2.0"
"MASS","7.3-66"
"Matrix","1.7-4"
"matrixcalc","1.0-6"
"MatrixModels","0.5-4"
"matrixStats","1.5.0"
"maxLik","1.5-2.2"
"memoise","2.0.1"
"methods","4.5.3"
"mgcv","1.9-4"
"mice","3.19.0"
"mime","0.13"
"minqa","1.2.8"
"miscTools","0.6-30"
"mitml","0.4-5"
"mitools","2.7"
"mmrm","0.3.18"
"mnormt","2.1.2"
"modelr","0.1.11"
"mpoly","1.1.2"
"multipol","1.0-9"
"mvtnorm","1.3-3"
"nleqslv","3.3.7"
"nlme","3.1-168"
"nloptr","2.2.1"
"nnet","7.3-21"
"nortest","1.0-4"
"numDeriv","2016.8-1.1"
"officer","0.7.6"
"openssl","2.4.2"
"openxlsx","4.2.9"
"ordinal","2026.7-26"
"orthopolynom","1.0-6.1"
"otel","0.2.0"
"pan","2.0"
"parallel","4.5.3"
"parallelly","1.48.0"
"partitions","1.10-9"
"pbivnorm","0.6.0"
"pbkrtest","0.5.5"
"PearsonDS","1.3.2"
"pillar","1.11.1"
"pkgbuild","1.4.8"
"pkgconfig","2.0.3"
"pkgload","1.5.3"
"plm","2.6-7"
"plyr","1.8.9"
"polycor","0.8-2"
"polynom","1.4-1"
"praise","1.0.0"
"prettyunits","1.2.0"
"processx","3.9.0"
"progress","1.2.3"
"progressr","1.0.0"
"promises","1.5.0"
"ps","1.9.3"
"psych","2.6.5"
"purrr","1.2.1"
"qrng","0.0-11"
"quadprog","1.5-8"
"quantreg","6.1"
"R6","2.6.1"
"ragg","1.5.2"
"rappdirs","0.3.4"
"rbibutils","2.4.1"
"RColorBrewer","1.1-3"
"Rcpp","1.1.1"
"RcppArmadillo","15.2.4-1"
"RcppEigen","0.3.4.0.2"
"Rdpack","2.6.6"
"readr","2.2.0"
"readxl","1.5.0.1"
"reformulas","0.4.4"
"rematch","2.0.0"
"rlang","1.1.7"
"rmarkdown","2.32"
"rpart","4.1.24"
"rprojroot","2.1.1"
"rstudioapi","0.19.0"
"rvest","1.0.5"
"S7","0.2.1"
"sandwich","3.1-3"
"sass","0.4.10"
"scales","1.4.0"
"selectr","0.8-0"
"seminr","2.5.0"
"sets","1.0-25"
"shape","1.4.6.1"
"shiny","1.14.0"
"sourcetools","0.1.7-2"
"spacefillr","0.4.0"
"SparseM","1.84-2"
"spatial","7.3-18"
"splines","4.5.3"
"stats","4.5.3"
"stats4","4.5.3"
"stringi","1.8.7"
"stringr","1.6.0"
"survey","4.5"
"survival","3.8-12"
"svyVGAM","1.3"
"symmoments","1.2.2"
"sys","3.4.3"
"systemfonts","1.3.2"
"tcltk","4.5.3"
"testthat","3.3.2"
"textshaping","1.0.5"
"tibble","3.3.1"
"tidyr","1.3.2"
"tidyselect","1.2.1"
"timeDate","4052.112"
"tinytex","0.61"
"TMB","1.9.25"
"tools","4.5.3"
"TOSTER","0.8.6"
"TruncatedNormal","2.3"
"tzdb","0.5.0"
"ucminf","1.2.3"
"urca","1.3-4"
"utf8","1.2.6"
"utils","4.5.3"
"uuid","1.2-2"
"V8","8.2.0"
"vctrs","0.7.1"
"VGAM","1.1-14"
"viridisLite","0.4.3"
"visNetwork","2.1.4"
"vroom","1.7.1"
"waldo","0.6.2"
"WebPower","0.9.4"
"withr","3.0.2"
"xfun","0.61"
"xml2","1.6.0"
"xtable","1.8-8"
"yaml","2.3.12"
"zip","3.0.2"
"zoo","1.9-1"
